{"loss_gen_all_": 61.37865447998047, "mel_error_": 1.0696693658828735, "_timestamp": 1704449090.2689376, "_runtime": 5870.803617477417, "_step": 111, "valid_mel_error_": 1.198378187638742, "_wandb": {"runtime": 5866}}