{"_runtime": 75494.28006792068, "_timestamp": 1704701884.220536, "mel_error1": 1.1296440362930298, "loss_gen_all1": 64.1939468383789, "valid_mel_error1": 1.1611523275022153, "_step": 2375, "_wandb": {"runtime": 2260}}