{"_step": 2979, "_runtime": 95582.44031119347, "_timestamp": 1704807681.418682, "mel_error1": 1.2584002017974854, "loss_gen_all1": 71.71855926513672, "valid_mel_error1": 1.1773940677996035, "_wandb": {"runtime": 6579}}