{"loss_gen_all": 62.91462326049805, "mel_error": 1.327571988105774, "_timestamp": 1704453993.7823298, "_runtime": 362.3149287700653, "_step": 2, "_wandb": {"runtime": 432}}