{"loss_gen_all": 66.5694351196289, "mel_error": 1.3006280660629272, "_timestamp": 1704453092.5835502, "_runtime": 1457.1142592430115, "_step": 5, "_wandb": {"runtime": 1476}}