{"_runtime": 73269.41125845909, "_timestamp": 1704689082.0008335, "mel_error1": 1.1970181465148926, "loss_gen_all1": 66.22584533691406, "valid_mel_error1": 1.1611523275022153, "_step": 2356}