{"loss_gen_all1": 62.87232208251953, "mel_error1": 1.104305624961853, "_timestamp": 1704504432.4351714, "_runtime": 2665.1257343292236, "_step": 6, "_wandb": {"runtime": 2753}}