{"_step": 1127, "_runtime": 40914.806388139725, "_timestamp": 1704606302.774326, "mel_error1": 1.2338721752166748, "loss_gen_all1": 67.09309387207031, "valid_mel_error1": 1.1825065745247736}