{"_timestamp": 1704621155.2532094, "mel_error1": 1.1883879899978638, "loss_gen_all1": 64.8718490600586, "valid_mel_error1": 1.1680052192122847, "_step": 1294, "_runtime": 47299.88376045227, "_wandb": {"runtime": 6394}}