{"loss_gen_all1": 97.50958251953125, "mel_error1": 2.050809144973755, "_timestamp": 1704516707.5959957, "_runtime": 394.4515986442566, "_step": 1, "_wandb": {"runtime": 555}}