{"loss_gen_all1": 59.750308990478516, "mel_error1": 1.1251429319381714, "_timestamp": 1704554982.7068539, "_runtime": 14076.043463945389, "_step": 294, "valid_mel_error1": 1.179844269046077}