{"_runtime": 89031.72963547707, "_timestamp": 1704726242.2323244, "mel_error1": 1.0725336074829102, "loss_gen_all1": 60.88740539550781, "valid_mel_error1": 1.2032010731873688, "_step": 2723}