{"_runtime": 22118.76025533676, "_timestamp": 1704513982.9009843, "mel_error1": 1.0924596786499023, "loss_gen_all1": 59.59339904785156, "valid_mel_error1": 1.1744889815648396, "_step": 371}