{"_step": 315, "_runtime": 13413.051771640778, "_timestamp": 1704505217.9626486, "mel_error1": 1.1968191862106323, "loss_gen_all1": 58.29408264160156, "valid_mel_error1": 1.1516927833910342, "_wandb": {"runtime": 104}}