{"_step": 1277, "_runtime": 46827.44558048248, "_timestamp": 1704620653.0425346, "mel_error1": 1.2208548784255981, "loss_gen_all1": 68.63921356201172, "valid_mel_error1": 1.1680052192122847, "_wandb": {"runtime": 5925}}