{"_runtime": 25184.012989521027, "_timestamp": 1704567109.4660125, "mel_error1": 1.1340570449829102, "loss_gen_all1": 60.260772705078125, "valid_mel_error1": 1.165294956277918, "_step": 651, "_wandb": {"runtime": 22201}}