{"_timestamp": 1704628821.8699872, "mel_error1": 1.1473227739334106, "loss_gen_all1": 63.097503662109375, "valid_mel_error1": 1.1765485516300909, "_step": 1651, "_runtime": 54924.84144330025}