{"valid_mel_error1": 1.1765485516300909, "_step": 1701, "_runtime": 59161.708149433136, "_timestamp": 1704635193.8241093, "mel_error1": 1.1875890493392944, "loss_gen_all1": 67.53968048095703, "_wandb": {"runtime": 4303}}