{"_runtime": 27945.867468833923, "_timestamp": 1704570115.4881167, "mel_error1": 1.0175975561141968, "loss_gen_all1": 57.136260986328125, "valid_mel_error1": 1.1645890650925812, "_step": 764}