{"loss_gen_all1": 66.1895523071289, "mel_error1": 1.1914644241333008, "_timestamp": 1704477085.8446476, "_runtime": 13319.945381641388, "_step": 307, "valid_mel_error1": 1.1516927833910342}